timeStamp,elapsed,label,responseCode,responseMessage,threadName,dataType,success,failureMessage,bytes,sentBytes,grpThreads,allThreads,URL,Latency,IdleTime,Connect
1640107485391,8809,https://www.orangehrm.com/company/about-us/about-orangehrm,200,OK,Thread Group 1-1,text,true,,2239321,18039,1,1,https://www.orangehrm.com/company/about-us/about-orangehrm,3349,0,2427
1640107485391,3585,https://www.orangehrm.com/company/about-us/about-orangehrm-0,200,OK,Thread Group 1-1,text,true,,62315,634,1,1,https://www.orangehrm.com/company/about-us/about-orangehrm,3349,0,2427
1640107489168,421,https://www.orangehrm.com/company/about-us/about-orangehrm-1,200,OK,Thread Group 1-1,text,true,,47525,649,1,1,https://cdn.cookielaw.org/consent/36aaefa2-03f1-4e41-833c-0be9aec2dc21.js,386,0,323
1640107489169,1901,https://www.orangehrm.com/company/about-us/about-orangehrm-2,200,OK,Thread Group 1-1,bin,true,,69806,727,1,1,https://www.orangehrm.com/themes/orangehrm-modern/static/images/orange_logo.ico,1319,0,783
1640107489170,2019,https://www.orangehrm.com/company/about-us/about-orangehrm-3,200,OK,Thread Group 1-1,text,true,,124386,727,1,1,https://www.orangehrm.com/themes/orangehrm-modern/static/dist/bootstrap.min.css,1305,0,782
1640107489170,4004,https://www.orangehrm.com/company/about-us/about-orangehrm-4,200,OK,Thread Group 1-1,text,true,,778100,718,1,1,https://www.orangehrm.com/themes/orangehrm-modern/static/dist/main.css,1303,0,786
1640107489168,373,https://www.orangehrm.com/company/about-us/about-orangehrm-5,200,OK,Thread Group 1-1,text,true,,11360,641,1,1,"https://fonts.googleapis.com/css?family=Open+Sans:300,400,600,700",370,0,302
1640107489169,267,https://www.orangehrm.com/company/about-us/about-orangehrm-6,200,OK,Thread Group 1-1,text,true,,5920,729,1,1,https://www.orangehrm.com/themes/orangehrm-modern/static/css/vendor-list-main.css,266,0,0
1640107489591,264,https://www.orangehrm.com/company/about-us/about-orangehrm-7,200,OK,Thread Group 1-1,text,true,,2975,718,1,1,https://www.orangehrm.com/themes/orangehrm-modern/static/css/forms.css,264,0,0
1640107489780,626,https://www.orangehrm.com/company/about-us/about-orangehrm-8,200,OK,Thread Group 1-1,text,true,,100317,633,1,1,https://www.googletagmanager.com/gtag/js?id=AW-1067413867,306,0,225
1640107489780,599,https://www.orangehrm.com/company/about-us/about-orangehrm-9,200,OK,Thread Group 1-1,text,true,,1661,612,1,1,https://js.hs-scripts.com/3749854.js,598,0,272
1640107489857,529,https://www.orangehrm.com/company/about-us/about-orangehrm-10,200,OK,Thread Group 1-1,text,true,,93122,632,1,1,https://www.googletagmanager.com/gtag/js?id=UA-958567-13,234,0,156
1640107490379,507,https://www.orangehrm.com/company/about-us/about-orangehrm-11,200,OK,Thread Group 1-1,bin,true,,43423,720,1,1,https://www.orangehrm.com/themes/orangehrm-modern/static/images/logo.png,271,0,0
1640107490386,2022,https://www.orangehrm.com/company/about-us/about-orangehrm-12,200,OK,Thread Group 1-1,bin,true,,28112,713,1,1,https://www.orangehrm.com/assets/Files/icon/hr-administration.png,1360,0,802
1640107490406,1384,https://www.orangehrm.com/company/about-us/about-orangehrm-13,200,OK,Thread Group 1-1,bin,true,,19937,703,1,1,https://www.orangehrm.com/assets/Files/icon/payroll.png,1370,0,793
1640107490887,275,https://www.orangehrm.com/company/about-us/about-orangehrm-14,200,OK,Thread Group 1-1,bin,true,,24488,711,1,1,https://www.orangehrm.com/assets/Files/icon/recruitment-ats.png,273,0,0
1640107491071,298,https://www.orangehrm.com/company/about-us/about-orangehrm-15,200,OK,Thread Group 1-1,bin,true,,18728,707,1,1,https://www.orangehrm.com/assets/Files/icon/performance.png,297,0,0
1640107491163,1223,https://www.orangehrm.com/company/about-us/about-orangehrm-16,200,OK,Thread Group 1-1,bin,true,,103751,709,1,1,https://www.orangehrm.com/assets/Uploads/Daniel-Copeland3.png,292,0,0
1640107491346,635,https://www.orangehrm.com/company/about-us/about-orangehrm-17,200,OK,Thread Group 1-1,bin,true,,60681,709,1,1,https://www.orangehrm.com/assets/Uploads/Community-Trust3.png,351,0,0
1640107491369,1724,https://www.orangehrm.com/company/about-us/about-orangehrm-18,200,OK,Thread Group 1-1,bin,true,,114505,706,1,1,https://www.orangehrm.com/assets/Uploads/Pete-Needham5.png,616,0,0
1640107491791,803,https://www.orangehrm.com/company/about-us/about-orangehrm-19,200,OK,Thread Group 1-1,bin,true,,32428,713,1,1,https://www.orangehrm.com/assets/Uploads/End-to-end-networks3.png,668,0,0
1640107491982,439,https://www.orangehrm.com/company/about-us/about-orangehrm-20,200,OK,Thread Group 1-1,bin,true,,22622,695,1,1,https://www.orangehrm.com/assets/Uploads/16.png,419,0,0
1640107492387,552,https://www.orangehrm.com/company/about-us/about-orangehrm-21,200,OK,Thread Group 1-1,bin,true,,23918,695,1,1,https://www.orangehrm.com/assets/Uploads/17.png,446,0,0
1640107492408,783,https://www.orangehrm.com/company/about-us/about-orangehrm-22,200,OK,Thread Group 1-1,bin,true,,59936,695,1,1,https://www.orangehrm.com/assets/Uploads/29.png,541,0,0
1640107492421,588,https://www.orangehrm.com/company/about-us/about-orangehrm-23,200,OK,Thread Group 1-1,bin,true,,10133,701,1,1,https://www.orangehrm.com/assets/Uploads/ISO-Logo.png,588,0,0
1640107492595,1605,https://www.orangehrm.com/company/about-us/about-orangehrm-24,200,OK,Thread Group 1-1,text,true,,374486,721,1,1,https://www.orangehrm.com/themes/orangehrm-modern/static/dist/combined.js,408,0,0
1640107492942,270,https://www.orangehrm.com/company/about-us/about-orangehrm-25,200,OK,Thread Group 1-1,text,true,,4686,721,1,1,https://www.orangehrm.com/themes/orangehrm-modern/static/js/user/forms.js,270,0,0
1640107494897,832,https://settings.luckyorange.net/?u=https%3A%2F%2Fwww.orangehrm.com%2Fcompany%2Fabout-us%2Fabout-orangehrm&s=121170,200,OK,Thread Group 1-1,text,true,,1019,501,1,1,https://settings.luckyorange.net/?s=121170&u=https%3A%2F%2Fwww.orangehrm.com%2Fcompany%2Fabout-us%2Fabout-orangehrm,832,0,509
1640107532308,18397,https://www.orangehrm.com/company/careers/current-vacancies/,200,OK,Thread Group 1-1,text,true,,8374705,22114,1,1,https://www.orangehrm.com/company/careers/current-vacancies/,709,0,0
1640107532308,952,https://www.orangehrm.com/company/careers/current-vacancies/-0,200,OK,Thread Group 1-1,text,true,,54834,708,1,1,https://www.orangehrm.com/company/careers/current-vacancies/,709,0,0
1640107533266,70,https://www.orangehrm.com/company/careers/current-vacancies/-1,304,Not Modified,Thread Group 1-1,,true,,950,699,1,1,https://cdn.cookielaw.org/consent/36aaefa2-03f1-4e41-833c-0be9aec2dc21.js,0,0,0
1640107533266,269,https://www.orangehrm.com/company/careers/current-vacancies/-2,304,Not Modified,Thread Group 1-1,,true,,2023,777,1,1,https://www.orangehrm.com/themes/orangehrm-modern/static/images/orange_logo.ico,0,0,0
1640107533267,268,https://www.orangehrm.com/company/careers/current-vacancies/-3,304,Not Modified,Thread Group 1-1,,true,,2023,777,1,1,https://www.orangehrm.com/themes/orangehrm-modern/static/dist/bootstrap.min.css,0,0,0
1640107533267,268,https://www.orangehrm.com/company/careers/current-vacancies/-4,304,Not Modified,Thread Group 1-1,,true,,2023,768,1,1,https://www.orangehrm.com/themes/orangehrm-modern/static/dist/main.css,0,0,0
1640107533266,82,https://www.orangehrm.com/company/careers/current-vacancies/-5,200,OK,Thread Group 1-1,text,true,,11360,691,1,1,"https://fonts.googleapis.com/css?family=Open+Sans:300,400,600,700",76,0,0
1640107533266,258,https://www.orangehrm.com/company/careers/current-vacancies/-6,304,Not Modified,Thread Group 1-1,,true,,2023,779,1,1,https://www.orangehrm.com/themes/orangehrm-modern/static/css/vendor-list-main.css,0,0,0
1640107533337,269,https://www.orangehrm.com/company/careers/current-vacancies/-7,304,Not Modified,Thread Group 1-1,,true,,2023,768,1,1,https://www.orangehrm.com/themes/orangehrm-modern/static/css/forms.css,0,0,0
1640107533351,85,https://www.orangehrm.com/company/careers/current-vacancies/-8,304,Not Modified,Thread Group 1-1,text,true,,712,683,1,1,https://www.googletagmanager.com/gtag/js?id=AW-1067413867,0,0,0
1640107533436,71,https://www.orangehrm.com/company/careers/current-vacancies/-9,200,OK,Thread Group 1-1,text,true,,1605,662,1,1,https://js.hs-scripts.com/3749854.js,70,0,0
1640107533507,89,https://www.orangehrm.com/company/careers/current-vacancies/-10,304,Not Modified,Thread Group 1-1,text,true,,712,682,1,1,https://www.googletagmanager.com/gtag/js?id=UA-958567-13,0,0,0
1640107533525,255,https://www.orangehrm.com/company/careers/current-vacancies/-11,304,Not Modified,Thread Group 1-1,,true,,2023,770,1,1,https://www.orangehrm.com/themes/orangehrm-modern/static/images/logo.png,0,0,0
1640107533537,17168,https://www.orangehrm.com/company/careers/current-vacancies/-12,200,OK,Thread Group 1-1,text,true,,8286325,11057,1,1,https://orangehrm.orangehrm.com/recruitmentApply/jobs.html,1685,0,626
1640107533536,270,https://www.orangehrm.com/company/careers/current-vacancies/-13,304,Not Modified,Thread Group 1-1,,true,,2023,751,1,1,https://www.orangehrm.com/assets/Uploads/ISO-Logo.png,0,0,0
1640107533536,264,https://www.orangehrm.com/company/careers/current-vacancies/-14,304,Not Modified,Thread Group 1-1,,true,,2023,771,1,1,https://www.orangehrm.com/themes/orangehrm-modern/static/dist/combined.js,0,0,0
1640107533597,263,https://www.orangehrm.com/company/careers/current-vacancies/-15,304,Not Modified,Thread Group 1-1,,true,,2023,771,1,1,https://www.orangehrm.com/themes/orangehrm-modern/static/js/user/forms.js,0,0,0
1640107551049,324,https://settings.luckyorange.net/?u=https%3A%2F%2Fwww.orangehrm.com%2Fcompany%2Fcareers%2Fcurrent-vacancies%2F&s=121170,200,OK,Thread Group 1-1,text,true,,1009,505,1,1,https://settings.luckyorange.net/?s=121170&u=https%3A%2F%2Fwww.orangehrm.com%2Fcompany%2Fcareers%2Fcurrent-vacancies%2F,324,0,0
1640107485261,28362,Test,200,"Number of samples in transaction : 4, number of failing samples : 0",Thread Group 1-1,,true,,10616054,41159,1,1,null,5214,37746,2936
